Антонов;Александр;Викторович;barlow@hotmail.com;AA07AMM,AAC792H,AAY452D,AB01MFL
Баканов;Сергей;Александрович;scarolan@verizon.net;ACD586D
Балашов;Александр;Владимирович;treeves@hotmail.com;
Белов;Михаил;Сергеевич;michiel@msn.com;
Берзан;Николай;Владимирович;natepuri@optonline.net;
Беспалов;Юрий;Владимирович;pkilab@mac.com;
Богомолов;Максим;Александрович;mpiotr@icloud.com;
Володин;Михаил;Евгеньевич;zwood@att.net;
Вороватов;Денис;Михайлович;mxiao@me.com;AD09KHC,AD16LVH
Голубев;Сергей;Николаевич;barjam@att.net;
Голубков;Михаил;Владимирович;moinefou@outlook.com;
Гражданкин;Руслан;Маратович;pedwards@me.com;
